,job_type
0,An Ninh / Bảo Vệ
1,An toàn lao động
2,Biên phiên dịch
3,Bán hàng / Kinh doanh
4,Bán lẻ / Bán sỉ
5,Bưu chính viễn thông
6,Bảo hiểm
7,Bảo trì / Sửa chữa
8,Bất động sản
9,CNTT - Phần cứng / Mạng
10,CNTT - Phần mềm
11,Chăn nuôi / Thú y
12,Chứng khoán
13,Công nghệ sinh học
14,Công nghệ thực phẩm / Dinh dưỡng
15,Cơ khí / Ô tô / Tự động hóa
16,Du lịch
17,Dược phẩm
18,Dầu khí
19,Dệt may / Da giày / Thời trang
20,Dịch vụ khách hàng
21,Giáo dục / Đào tạo
22,Giải trí
23,Hàng gia dụng / Chăm sóc cá nhân
24,Hàng hải
25,Hàng không
26,Hành chính / Thư ký
27,Hóa học
28,In ấn / Xuất bản
29,Khoáng sản
30,Kiến trúc
31,Kế toán / Kiểm toán
32,Lao động phổ thông
33,Luật / Pháp lý
34,Lâm Nghiệp
35,Môi trường
36,Mới tốt nghiệp / Thực tập
37,Mỹ thuật / Nghệ thuật / Thiết kế
38,Ngành khác
39,Ngân hàng
40,Nhà hàng / Khách sạn
41,Nhân sự
42,Nông nghiệp
43,Nội ngoại thất
44,Phi chính phủ / Phi lợi nhuận
45,Quản lý chất lượng (QA/QC)
46,Quản lý điều hành
47,Quảng cáo / Đối ngoại / Truyền Thông
48,Sản xuất / Vận hành sản xuất
49,Thu mua / Vật tư
50,Thư viện
51,Thống kê
52,Thủy lợi
53,Thủy sản / Hải sản
54,Thực phẩm & Đồ uống
55,Tiếp thị / Marketing
56,Tiếp thị trực tuyến
57,Truyền hình / Báo chí / Biên tập
58,Trắc địa / Địa Chất
59,Tài chính / Đầu tư
60,Tư vấn
61,Tổ chức sự kiện
62,Vận chuyển / Giao nhận / Kho vận
63,Xuất nhập khẩu
64,Xây dựng
65,Y tế / Chăm sóc sức khỏe
66,Điện / Điện tử / Điện lạnh
67,Đồ gỗ
